name,stars,age_days,releases,size,cbo_median,dit_median,lcom_median,loc_total
hello-algo,124103,1253,10,411578,2.0,1.0,1.0,7707
GitHub-Chinese-Top-Charts,107122,2409,0,123199,0.0,1.0,0.0,5
java-design-patterns,93841,4261,0,47543,3.0,1.0,0.0,37970
mall,83244,2928,3,58728,3.0,1.0,13.0,100903
spring-boot,80311,4921,345,213486,4.0,1.0,0.0,410877
advanced-java,78922,2743,1,26635,0.0,1.0,0.0,5
LeetCodeAnimation,76703,2682,0,509807,1.0,1.0,0.0,78
Java,65283,3555,0,6889,2.0,1.0,1.0,72867
interviews,64938,3341,0,24462,1.0,1.0,0.0,5621
spring-framework,59780,5602,359,241615,3.0,1.0,0.0,772132
termux-app,52543,3822,95,5123,4.0,1.0,0.0,24563
guava,51508,4334,57,1354074,2.0,1.0,0.0,248759
RxJava,48467,4839,258,161896,1.0,1.0,0.0,373337
jadx,47819,4770,34,25395,3.0,1.0,0.0,138367
JeecgBoot,45590,2692,70,94109,4.0,1.0,0.0,55117
dubbo,41711,5043,113,61518,4.0,1.0,1.0,257069
MPAndroidChart,38229,4368,44,21593,5.0,1.0,1.0,21111
halo,38156,2942,254,83809,5.0,1.0,0.0,56031
NewPipe,37667,3871,141,87498,5.0,1.0,1.0,38887
tutorials,37348,4728,0,118823,3.0,1.0,0.0,547437
arthas,37214,2780,69,65957,3.0,1.0,0.0,65589
ruoyi-vue-pro,36054,1902,54,186923,6.0,1.0,0.0,132355
hello-algorithm,36039,2142,0,365053,1.0,1.0,0.0,61
leetcode,35825,2763,21,750992,2.0,1.0,0.0,4770
lottie-android,35602,3472,63,137398,5.0,1.0,0.0,18159
awesome-system-design-resources,35587,898,0,2340,1.0,1.0,0.0,336
glide,35032,4658,54,97797,4.0,1.0,0.0,61146
netty,34898,5631,3,109018,3.0,1.0,0.0,389067
selenium,34185,4833,116,2332239,4.0,1.0,1.0,99535
spring-boot-demo,34110,3073,0,14194,4.0,1.0,0.0,7163
zxing,33903,5294,32,243354,4.0,2.0,0.0,40219
easyexcel,33770,2985,14,26334,5.0,1.0,1.0,20545
AndroidUtilCode,33708,3540,117,47329,2.0,1.0,0.0,39995
keycloak,33595,4665,105,582738,4.0,1.0,2.0,577972
nacos,32764,2856,93,84575,3.0,1.0,1.0,242978
WxJava,32674,3747,31,20022,4.0,1.0,0.0,123627
kafka,32242,5351,0,281937,4.0,1.0,0.0,727562
conductor,31573,854,44,36191,6.0,1.0,0.0,95343
spring-boot-examples,30637,3443,0,1074,4.0,1.0,0.0,4461
hutool,30327,4380,157,74830,3.0,1.0,0.0,135824
xxl-job,29995,3786,43,38766,3.0,1.0,0.0,8763
apollo,29767,3689,43,57256,6.0,1.0,0.0,36584
canal,29647,4835,32,24243,4.0,1.0,1.0,112746
SmartTube,29114,2082,987,104125,4.0,1.0,1.0,244149
spring-cloud-alibaba,29083,3051,51,56706,5.0,1.0,0.0,19469
SpringAll,29011,2900,0,1069,4.0,1.0,0.0,6035
Telegram,28764,4550,95,641019,4.0,1.0,0.0,1705162
druid,28211,5272,52,93933,4.0,2.0,0.0,349873
vhr,28100,3018,0,8480,2.0,1.0,6.0,2971
JCSprout,26999,3036,0,1191,1.0,1.0,0.0,4399
kestra,26609,2421,422,104171,6.0,1.0,0.0,85278
miaosha,26606,2765,0,65716,3.0,1.0,0.0,8581
openapi-generator,26035,2890,79,967921,3.0,1.0,1.0,274569
incubator-seata,25965,2660,45,31135,4.0,1.0,2.0,279101
flink,25902,4325,0,543337,5.0,1.0,1.0,1186310
fastjson,25701,5272,84,15513,1.0,1.0,0.0,206496
butterknife,25413,4784,0,3909,2.0,1.0,0.0,7712
Chat2DB,25289,1025,43,18790,4.0,1.0,0.0,35180
bazel,25266,4320,251,1002824,5.0,1.0,1.0,598545
SmartRefreshLayout,25173,3234,14,274026,3.0,1.0,0.0,18146
jenkins,25134,5617,486,170823,4.0,2.0,0.0,188789
libgdx,24951,4990,15,1106690,3.0,1.0,0.0,293763
proxyee-down,24787,3089,49,26864,4.0,1.0,2.0,3392
skywalking,24766,3807,64,175216,4.0,1.0,0.0,123388
EventBus,24746,5015,7,1742,3.0,1.0,0.0,5269
Hystrix,24466,4889,79,9828,2.0,1.0,0.0,62010
gson,24351,4039,12,13889,2.0,1.0,0.0,34834
redisson,24278,4472,179,34800,3.0,1.0,0.0,175960
Apktool,24153,5134,28,337636,5.0,2.0,1.0,13474
dataease,23681,1893,105,320629,3.0,1.0,0.0,44923
FizzBuzzEnterpriseEdition,23570,4885,0,340,2.0,1.0,0.0,894
LSPosed,23252,1945,39,21605,3.0,1.0,0.0,22952
source-code-hunter,23137,2356,0,103137,0.0,1.0,0.0,5
Sentinel,23105,2928,26,8599,3.0,1.0,0.0,56086
awesome-low-level-design,22931,875,0,15707,2.0,1.0,0.0,14621
rocketmq,22387,3418,25,45616,4.0,1.0,1.0,236219
DSA-Bootcamp-Java,22379,1715,0,101640,1.0,1.0,1.0,6614
ExoPlayer,21935,4318,28,483311,5.0,1.0,0.0,262348
eladmin,21934,2674,1,7511,5.0,1.0,0.0,8070
GSYVideoPlayer,21430,3435,65,359690,2.0,1.0,0.0,32667
HikariCP,21074,4567,0,5042,3.0,1.0,0.0,11464
shardingsphere,20703,3735,59,688709,5.0,1.0,0.0,249288
DoKit,20434,2796,14,58616,2.0,1.0,0.0,80480
mybatis-3,20402,4802,46,158575,2.0,1.0,0.0,61067
litemall,20208,2941,8,24604,3.0,1.0,1.0,90884
RxAndroid,20181,4252,20,1052,1.0,1.0,0.0,1452
SpringBoot-Labs,20076,2767,0,1813,4.0,1.0,0.0,17714
cat,18970,4874,3,114117,4.0,1.0,1.0,98001
ip2region,18873,3812,22,213237,4.0,1.0,0.0,2571
PhotoView,18859,5015,5,16896,3.0,1.0,0.0,1792
antlr4,18809,5909,31,70649,3.0,1.0,0.0,41022
yudao-cloud,18712,2535,40,48604,6.0,1.0,0.0,130630
Sa-Token,18709,2258,39,9670,3.0,1.0,1.0,27350
Algorithms,18542,3310,0,1297949,3.0,1.0,3.0,32753
APIJSON,18409,3427,112,73605,3.0,1.0,5.5,13927
disruptor,18272,4949,14,10129,3.0,1.0,0.0,13167
SpringCloudLearning,17978,3289,0,582,4.0,1.0,0.0,1123
tinker,17820,3503,60,7399,3.0,1.0,0.0,40447
caffeine,17575,4136,72,110735,3.0,1.0,0.0,91146
analysis-ik,17433,5229,1,15495,4.0,1.0,4.0,2980
zipkin,17419,5055,99,77833,5.0,1.0,1.0,38972
JustAuth,17415,2626,46,9626,2.0,1.0,6.0,6054
mybatis-plus,17327,3522,40,32051,4.0,1.0,0.0,39158
tech-interview-for-developer,17231,2497,0,6616,1.0,1.0,0.0,636
material-components-android,17218,3413,119,183118,4.0,1.0,1.0,120590
fresco,17164,4057,55,79833,5.0,1.0,0.0,46422
DataX,17147,3004,7,22958,3.0,1.0,0.0,81194
Android-Universal-Image-Loader,17057,5247,0,27133,3.0,1.0,0.5,7434
BigData-Notes,16882,2588,0,24052,5.0,1.0,0.0,2124
java8-tutorial,16768,4407,0,149,1.0,1.0,0.0,2081
zheng,16702,3475,0,41267,3.0,1.0,0.0,41742
presto,16668,4992,14,273109,6.0,1.0,1.0,809685
springboot-learning-example,16592,3350,0,407,3.5,1.0,0.0,1641
awesome-leetcode-resources,16094,898,0,264,1.0,1.0,0.0,360
VirtualXposed,15989,3052,50,49794,2.0,2.0,0.0,47736
SpringBoot-Learning,15788,3519,0,34384,4.0,1.0,0.0,2790
quarkus,15563,2835,467,478848,4.0,1.0,0.0,952445
Android-CleanArchitecture,15561,4252,0,5191,4.0,1.0,1.0,2260
hadoop,15509,4243,0,607430,4.0,1.0,0.0,1672898
bytecode-viewer,15460,4196,62,648688,3.0,1.0,0.0,21768
mockito,15434,4926,226,49738,2.0,1.0,0.0,53517
pulsar,15177,3573,123,258654,4.0,1.0,0.0,510395
doris,15159,3165,84,1290235,5.0,1.0,1.0,699460
jd-gui,15060,4034,18,56989,3.0,1.0,1.0,19309
flink-learning,15057,2656,0,43760,3.0,1.0,0.0,15829
supertokens-core,14988,2287,119,334518,9.0,1.0,3.0,113118
zaproxy,14914,3963,26,201661,3.0,1.0,1.0,171397
cryptomator,14842,4450,205,33974,6.0,1.0,1.0,19116
logstash,14816,5622,241,133612,4.0,1.0,1.0,43912
onedev,14808,2712,469,233243,4.0,1.0,0.0,339086
vert.x,14658,5411,0,124720,4.0,1.0,1.0,168451
Arduino,14553,5683,37,1387855,2.0,1.0,0.0,25793
CircleImageView,14543,4465,0,1003,5.0,2.0,0.0,360
QMUI_Android,14522,3276,35,21963,3.0,1.0,0.0,58309
ARouter,14501,3404,16,26589,2.0,1.0,0.0,3165
jib,14363,2999,176,16917,5.0,1.0,0.0,35416
languagetool,14219,4628,0,6150035,4.0,1.0,1.0,214793
deeplearning4j,14214,4517,0,782291,7.0,2.0,7.0,571489
dolphinscheduler,14202,2597,56,222463,5.0,1.0,0.0,95609
Java,14196,3789,0,24346,0.0,1.0,0.0,10840
kkFileView,14026,3041,16,664615,5.0,1.0,0.0,13264
zuul,13999,4775,66,6577,4.0,1.0,1.0,22408
mit-deep-learning-book-pdf,13969,3290,3,58474,0.0,1.0,0.0,2
druid,13967,4916,71,414872,5.0,1.0,1.0,783967
xpipe,13913,1169,153,63517,5.0,1.0,1.0,73271
piggymetrics,13882,4029,2,1512,5.0,1.0,0.0,1881
logger,13879,4038,16,1873,6.0,1.0,0.0,827
pinpoint,13816,4190,63,269852,4.0,1.0,0.0,291724
Material-Animations,13799,4050,0,8692,2.0,1.0,0.0,1010
spring-analysis,13762,3500,0,4951,2.0,1.0,0.0,378
AndroidAutoSize,13748,2793,14,3131,4.0,1.0,1.0,1720
PictureSelector,13595,3383,116,542078,2.0,1.0,0.0,39103
tink,13559,4326,21,61010,5.0,1.0,1.0,82161
Android-PickerView,13469,4121,0,6389,2.0,1.0,0.0,4421
mall-learning,13366,2555,0,39420,3.0,1.0,0.0,14384
dex2jar,13101,4043,8,8725,3.0,1.0,0.0,41715
metersphere,13047,2258,184,421952,3.0,1.0,0.0,321954
banner,13039,3640,0,11310,5.0,2.0,1.0,2724
COLA,12920,2985,11,3828,3.0,1.0,0.0,9619
mall-swarm,12891,2328,3,54601,3.0,1.0,13.0,101603
plantuml,12844,5636,67,750481,5.0,1.0,1.0,200645
spring-boot-admin,12824,4277,148,92530,6.0,1.0,0.0,13996
conductor,12788,3410,319,29469,5.0,1.0,0.0,47052
zookeeper,12743,6223,0,154923,3.0,1.0,0.0,124292
guice,12733,4334,19,125316,2.0,1.0,0.0,84793
GmsCore,12714,4369,46,14796,5.0,2.0,0.0,58573
stetho,12701,4095,13,2392,3.0,1.0,0.0,19241
eureka,12697,5005,152,12661,4.0,1.0,0.0,33579
OpenSearch,12649,1896,66,604646,5.0,1.0,1.0,1342298
greenDAO,12617,5284,8,7353,4.0,1.0,1.0,18545
Matisse,12564,3284,15,1991,5.0,1.0,0.0,3418
debezium,12552,3730,0,78880,4.0,1.0,1.0,219021
AndroidViewAnimations,12473,4309,9,297,2.0,2.0,0.0,965
lawnchair,12453,3325,32,738415,5.0,1.0,1.0,283547
Mybatis-PageHelper,12383,4323,15,5351,6.0,1.0,0.0,7474
AndroidSwipeLayout,12382,4246,18,399,2.0,1.0,0.0,2770
jedis,12298,5782,121,17070,3.0,1.0,1.0,126557
android-interview-questions,12292,3196,0,1484,0.0,1.0,0.0,5
xManager,12188,1887,51,4973,2.0,1.0,0.0,21822
Aegis,12178,3524,73,22815,5.0,1.0,1.0,24210
uCrop,12121,3748,20,64991,3.0,1.0,1.0,4707
Paper,12041,3731,0,128693,5.0,1.0,1.0,162674
matrix,11999,2677,16,199709,2.0,1.0,0.0,79032
grpc-java,11998,4140,189,121909,3.0,1.0,0.0,264457
kafka-ui,11985,2327,25,30382,5.0,1.0,1.0,18139
VasSonic,11879,3174,10,16215,2.0,1.0,0.0,7421
OpenRefine,11788,4925,76,407254,5.0,1.0,1.0,73894
datahub,11725,3796,135,568825,9.0,1.0,1.0,274894
webmagic,11696,4735,33,17446,4.0,1.0,1.0,8794
joyagent-jdgenie,11597,268,1,102676,4.0,1.0,0.0,9182
newbee-mall,11541,2393,0,36245,2.0,1.0,4.0,3935
starrocks,11515,1679,180,666919,3.0,1.0,0.0,877381
realm-java,11489,5103,0,65920,2.0,1.0,0.0,110167
CtCI-6th-Edition,11476,3935,0,21487,2.0,1.0,1.0,21093
ImmersionBar,11469,3278,0,325009,5.0,2.0,3.0,7237
jsoup,11361,5956,21,6898,4.0,1.0,1.0,39527
langchain4j,11335,1025,62,28992,4.0,1.0,1.0,185125
spider-flow,11318,2205,2,3382,4.0,1.0,1.0,8748
interview,11308,4281,0,1200,2.0,1.0,1.0,27259
cas,11308,5327,316,326005,9.0,1.0,0.0,232854
PermissionsDispatcher,11203,3890,40,3009,0.0,1.0,3.0,3184
SmarterStreaming,11165,3667,0,6823377,2.0,1.0,0.0,10750
FileDownloader,11124,3762,65,40720,2.0,1.0,1.0,14387
FlycoTabLayout,11112,3805,4,2620,3.0,1.0,1.0,2730
pkl,11107,811,21,8207,5.0,3.0,0.0,68065
jjwt,11054,4227,9,3503,4.0,1.0,1.0,16052
SlidingMenu,11025,5032,0,32085,3.0,1.0,0.0,3085
androidannotations,11008,5208,0,22510,4.0,1.0,1.0,28800
VirtualApp,10950,3565,0,35238,2.0,2.0,0.0,46624
javapoet,10861,4815,0,1954,2.0,1.0,0.0,7543
clojure,10832,5763,0,19313,0.0,1.0,0.0,46854
platform_frameworks_base,10822,6379,0,8087727,4.0,1.0,0.0,4165269
Java-WebSocket,10800,5923,19,4245,2.0,1.0,6.0,13166
vlayout,10762,3329,34,1726,3.0,1.0,0.0,14042
astron-agent,10759,203,13,101639,4.0,1.0,0.0,73571
zfile,10714,2426,67,40781,4.0,1.0,0.0,13242
android-async-http,10622,5528,3,3063,4.0,1.0,3.0,7620
resilience4j,10605,3964,36,8873,6.0,1.0,1.0,65780
okhttp-OkGo,10587,3738,14,84860,5.0,1.0,0.0,13418
auto,10557,4705,67,48850,3.0,1.0,1.0,32458
Activiti,10521,4957,2609,131773,4.0,1.0,1.0,157981
JiaoZiVideoPlayer,10504,3716,78,143896,6.0,2.0,4.0,4511
Signal-Server,10461,4505,0,21855,5.0,1.0,0.0,60271
RxPermissions,10441,3846,11,587,2.0,1.0,0.0,876
aws-doc-sdk-examples,10386,3521,0,263315,5.0,1.0,1.0,83593
sonarqube,10371,5574,71,962059,4.0,1.0,0.0,419630
LSPosed,10303,994,5,22720,3.0,1.0,0.0,15429
MVPArms,10275,3534,25,5963,5.0,1.0,3.0,5986
GoGoGo,10133,1589,8,426465,3.0,1.0,1.0,3813
ViewPagerIndicator,10086,5362,0,8657,5.5,3.0,0.0,2947
CoreNLP,10062,4669,19,400414,3.0,1.0,0.0,557599
JsBridge,9930,4061,0,659,1.5,1.0,0.0,1160
spring-reading,9927,938,0,2808,3.0,1.0,0.0,3078
glide-transformations,9910,4109,0,26509,5.0,2.0,0.0,991
easypermissions,9899,3761,12,635,8.0,1.0,6.0,1705
paascloud-master,9886,2946,0,16083,4.0,1.0,0.0,16428
MagicIndicator,9812,3575,12,54749,4.0,1.0,3.0,4533
feign,9786,4670,49,10808,3.0,1.0,0.0,40161
AVLoadingIndicatorView,9779,3820,1,14399,2.0,1.0,0.0,2161
opendataloader-pdf,9775,332,54,86282,5.0,1.0,1.0,15812
spring-boot-api-project-seed,9714,3213,4,77,4.0,1.0,0.0,484
spinnaker,9708,4299,30,196283,5.0,1.0,0.0,244324
Fragmentation,9706,3699,30,29343,3.0,1.0,0.0,8981
cassandra,9676,6168,0,458595,5.0,1.0,1.0,781288
spark,9665,5454,0,2503,3.0,1.0,0.0,9588
android-gif-drawable,9661,4818,63,6114,4.0,1.0,0.0,2949
automq,9628,967,82,169462,4.0,1.0,0.0,676227
Android-ObservableScrollView,9626,4171,0,13780,3.0,2.0,0.0,12621
flyway,9622,4864,292,1482700,4.0,1.0,1.0,31728
DanmakuFlameMaster,9613,4625,5,3580,3.0,1.0,1.0,12879
EhViewer,9549,4349,97,111228,4.0,1.0,1.0,44372
Mycat-Server,9543,4145,7,19570,3.0,1.0,0.0,92943
android-Ultra-Pull-To-Refresh,9531,4166,8,3474,2.0,1.0,0.0,5476
cim,9489,2882,9,35265,4.0,1.0,0.0,5942
AndroidSlidingUpPanel,9484,4696,8,2861,2.0,1.0,0.0,2011
spring-security,9477,5203,249,93333,5.0,1.0,0.0,288879
AgentWeb,9411,3255,21,29032,3.0,1.0,0.0,11320
JsonPath,9394,5555,12,2479,3.0,1.0,0.0,17152
PocketHub,9380,5327,1,11945,5.0,1.0,0.0,6980
CalendarView,9370,3317,1,156817,4.0,1.0,3.0,11557
AndroidNote,9340,3748,0,7036,1.0,1.0,3.0,402
testing-samples,9302,4199,0,12105,5.5,1.0,0.0,1849
jmeter,9290,5797,10,136056,4.0,2.0,3.0,126976
seatunnel,9205,3170,53,52993,5.0,1.0,1.0,302026
android-gpuimage,9157,4936,0,1368,2.0,2.0,0.0,6341
flowable-engine,9150,3466,29,239171,4.0,1.0,1.0,537046
VirtualAPK,9067,3207,4,1010,3.0,1.0,1.0,7981
HMCL,9013,3945,323,36501,4.0,1.0,1.0,97229
spring-ai-alibaba,8969,578,18,231113,4.0,1.0,1.0,116176
Jetpack-MVVM-Best-Practice,8951,2353,0,10737,3.0,1.0,0.0,3691
MaterialDesignLibrary,8944,4210,3,8930,3.0,1.0,0.0,2927
Android_Data,8918,4024,0,153,2.0,1.0,3.0,116
LSPatch,8917,1865,9,10312,2.0,1.0,0.0,7008
jna,8908,5460,0,758422,3.0,2.0,0.0,107353
ysoserial,8826,4090,1,460,3.0,1.0,1.0,3851
karate,8816,3349,59,30530,4.0,1.0,3.0,65907
PojavLauncher,8807,2221,126,907961,3.5,1.0,1.0,27149
storm,8789,5319,0,27015,3.0,1.0,1.0,60552
shenyu,8783,2830,14,75733,4.0,1.0,1.0,148882
StatusBarUtil,8771,3707,0,9364,3.0,1.0,0.0,1036
baritone,8757,2809,85,16642,4.0,1.0,1.0,22328
awesome-java-leetcode,8737,3280,0,512,2.0,1.0,1.0,1772
iceberg,8670,2699,32,115331,6.0,1.0,1.0,337158
Android-PullToRefresh,8665,5246,0,4286,4.5,2.0,1.0,3567
Android-SpinKit,8653,3673,0,10241,5.0,2.0,1.0,1812
Android-Debug-Database,8645,3432,14,1648,4.0,1.0,0.0,2393
react-native-image-picker,8637,3958,142,3217,4.0,2.0,1.0,818
AndResGuard,8635,3834,4,8343,2.0,1.0,1.5,6506
testcontainers-java,8614,4016,91,14974,4.0,1.0,1.0,32587
dropwizard,8602,5559,192,114437,4.0,1.0,0.0,39973
epoxy,8571,3531,78,34179,4.0,2.0,1.0,43301
buck,8562,4740,57,2024585,5.0,1.0,1.0,503616
tsunami-security-scanner,8557,2137,1,1298,5.0,1.0,1.0,9088
junit4,8554,6296,13,24417,3.0,1.0,0.0,32946
Calligraphy,8545,4494,4,1523,5.0,1.0,3.0,968
aeron,8533,4444,139,73224,4.0,1.0,0.0,127381
beam,8528,3720,57,986257,5.0,1.0,0.0,751450
im-server,8463,2634,115,22364,3.0,1.0,1.0,161392
AndroidPdfViewer,8463,3598,0,4733,1.0,1.0,0.0,3325
hsweb-framework,8403,3735,32,34312,4.0,1.0,0.0,26153
BottomBar,8386,3677,4,40819,2.0,1.0,0.0,2834
pentaho-kettle,8325,4566,1,731394,2.0,1.0,0.0,792426
spring-ai,8323,1017,19,97236,5.0,1.0,1.0,179022
javacv,8306,4372,14,8174,4.0,1.0,1.0,26976
transmittable-thread-local,8270,4562,58,3577,5.0,1.0,1.0,6932
UltimateAndroidReference,8261,3287,0,543,1.0,1.0,0.0,22
shardingsphere-elasticjob,8222,3864,31,45954,4.0,1.0,0.0,15593
LeetCode-Book,8193,1575,0,833,1.0,1.0,0.0,5690
atlas,8170,3328,7,84497,4.0,1.0,1.0,157514
otter,8133,4627,10,12042,3.0,1.0,1.0,68163
tomcat,8128,5305,0,194141,3.0,1.0,0.0,361158
MaterialViewPager,8106,4003,11,19557,3.0,1.0,0.0,1616
LitePal,8084,4797,0,5433,3.0,1.0,0.0,11830
GhidraMCP,8060,383,5,180,4.0,2.0,3.0,1219
XPopup,8024,2681,221,152978,3.0,1.0,0.0,12348
subsampling-scale-image-view,8010,4609,21,57935,3.5,1.0,0.0,4262
graylog2-server,7987,5806,0,209282,6.0,1.0,1.0,271691
1brc,7987,834,0,2744,3.0,1.0,1.0,53431
SimianArmy,7984,5025,4,15326,4.0,1.0,3.0,16056
hugo,7913,4519,0,201,7.0,1.0,6.0,384
jimureport,7893,2318,33,105072,5.0,1.0,1.0,350
CompreFace,7857,2104,11,566295,6.0,1.0,0.0,7766
metrics,7851,5886,142,21407,4.0,1.0,0.0,30088
HomeMirror,7831,3883,0,6207,2.0,1.0,0.0,1719
hellocharts-android,7795,4198,14,6126,4.0,1.0,1.0,10995
material-theme-jetbrains,7766,3852,17,148338,3.0,2.0,1.0,14517
AntennaPod,7756,5001,65,115476,5.0,1.0,1.0,55136
Shadow,7744,2493,5,3669,3.0,1.0,0.0,21909
PowerJob,7718,2216,51,19311,4.0,1.0,0.0,24684
MVVMHabit,7709,3185,3,1298,2.0,1.0,0.0,9110
AppManager,7700,2141,76,80240,5.0,1.0,1.0,128612
RxLifecycle,7670,3917,22,897,6.0,1.0,0.0,2368
vjtools,7655,2873,9,2108,2.0,1.0,1.0,18382
mapstruct,7632,5065,36,11453,2.0,1.0,0.0,103911
TV,7631,1388,0,343813,4.0,1.0,1.0,30986
MyBookshelf,7624,2859,165,27255,4.0,1.0,1.0,48375
android-classyshark,7598,3833,17,24865,2.0,1.0,1.0,8714
MinecraftForge,7567,5184,0,124669,6.0,1.0,1.0,56657
AndroidAsync,7550,4977,0,3720,2.0,1.0,0.0,18086
RxJava-Android-Samples,7527,4279,0,1188,3.0,1.0,3.0,2633
algs4,7523,3875,0,2347,4.0,1.0,0.0,22522
swagger-core,7522,5392,131,24306,3.0,1.0,0.0,46975
gnirehtet,7506,3347,12,1036,2.0,1.0,1.0,4330
LeetCode,7492,2281,0,408,1.0,1.0,0.0,3441
DependencyCheck,7467,4966,91,307359,5.0,2.0,3.0,42006
enso,7436,3401,724,130742,5.0,1.0,1.0,129832
VBlog,7433,3027,0,3841,4.0,1.0,1.0,781
astron-rpa,7401,202,5,195361,3.0,1.0,0.0,39850
SpringCloud-Learning,7395,3519,0,1265,4.0,1.0,1.0,13492
Mapper,7385,4158,11,2217,4.0,1.0,0.0,19455
gocd,7384,4501,87,420663,5.0,1.0,1.0,257341
RePlugin,7349,3228,19,25372,3.0,1.0,0.0,30275
ShortcutBadger,7341,4529,0,1231,5.0,1.0,1.0,885
dagger,7310,4998,0,6861,3.0,1.0,0.0,8043
Android-Bootstrap,7255,4543,5,11507,3.0,1.0,2.0,10389
WeChatLuckyMoney,7245,3845,20,660,3.0,1.0,1.0,931
xmall,7245,3178,0,110866,3.0,1.0,13.0,45293
TakePhoto,7238,3902,15,11513,2.0,1.0,1.0,2403
sweet-alert-dialog,7232,4191,2,1694,1.5,1.0,0.0,943
nanohttpd,7213,4990,3,1375,3.0,1.0,1.0,7106
UltimateRecyclerView,7195,4090,9,7153,3.0,1.0,0.0,16083
wiremock,7180,5296,52,52013,4.0,1.0,1.0,78052
KnowStreaming,7178,2213,23,200022,4.0,1.0,0.0,31517
alluxio,7174,4857,61,205633,5.0,1.0,1.0,252449
error-prone,7151,4249,65,168097,5.0,1.0,0.0,107258
hertzbeat,7139,1526,7,335074,5.0,1.0,0.0,81566
agera,7134,3767,16,968,4.0,1.0,0.0,10897
rest-assured,7126,5650,0,12090,4.0,1.0,1.0,28974
JavaTutorial,7120,2901,1,4933,0.0,1.0,0.0,14
traccar,7117,5107,69,25080,4.0,2.0,0.0,69487
SmartTabLayout,7084,4073,0,14671,4.0,1.0,1.0,1912
ActionBarSherlock,7072,5512,32,21244,4.0,1.0,0.0,26463
Recaf,7067,3179,170,60180,6.0,1.0,1.0,79406
Timber,7051,3954,5,17485,3.0,1.0,0.0,21859
netty-socketio,7026,5202,19,2081,3.0,1.0,0.0,6758
elasticsearch-sql,7023,4247,302,8979,6.0,1.0,1.0,33009
junit-framework,6992,4106,107,42667,3.0,1.0,0.0,103413
DroidPlugin,6976,3879,2,1859,2.0,3.0,0.0,22301
jvm-sandbox,6959,3172,13,1875,2.0,1.0,0.0,14407
logisim-evolution,6920,4221,32,118345,4.0,2.0,1.0,168706
springcloud-learning,6916,2407,0,261,3.0,1.0,0.0,5631
rabbitmq-tutorials,6873,5680,0,6050,4.0,1.0,1.0,1586
BookReader,6873,3537,0,31940,2.0,1.0,0.0,30914
walle,6866,3377,1,528,2.0,1.0,0.5,4633
AndroidProject,6864,2726,18,91198,5.0,1.0,1.0,21674
okhttputils,6857,3889,0,17152,2.5,1.0,0.0,1961
vespa,6836,3597,271,478864,4.0,1.0,1.0,608905
haven,6798,3327,37,24387,4.0,1.0,1.0,4561
react-native-push-notification,6791,3769,35,1688,4.0,1.0,0.0,1884
byte-buddy,6788,4518,313,1008854,4.0,1.0,0.0,291974
angel,6787,3272,20,93616,5.0,2.0,0.0,207142
itstack-demo-design,6780,2151,0,1827,2.0,1.0,0.0,3992
springBoot,6773,3441,0,868,4.0,1.0,0.0,6250
AndroidPicker,6773,3824,58,30016,3.0,1.0,0.0,13541
Pixiv-Shaft,6770,2566,128,188809,3.0,1.0,0.0,38041
wvp-GB28181-pro,6739,1973,2,71858,5.0,1.0,0.0,49874
Leaf,6736,2677,0,149,1.5,1.0,0.0,1305
AndroidPerformanceMonitor,6733,3736,0,1077,3.0,1.0,0.0,2234
XXPermissions,6708,2856,75,86442,5.0,1.0,1.0,8625
quartz,6708,3686,8,26998,3.0,1.0,1.0,35394
mybatis-generator-gui,6707,3623,16,14934,5.0,1.0,3.0,3047
AndroidAutoLayout,6691,3795,0,7466,5.0,2.0,8.0,2370
Suwayomi-Server,6684,1933,58,101187,2.0,1.0,1.0,41481
jOOQ,6684,5472,122,284404,7.0,1.0,3.0,228085
storm,6676,4539,9,156922,3.0,1.0,1.0,363204
AndPermission,6647,3498,0,1665,3.0,1.0,0.0,4486
smali,6616,4946,0,9535,4.0,1.0,1.0,46762
zeppelin,6607,4034,0,115037,3.0,1.0,1.0,190534
hazelcast,6605,5133,201,423430,5.0,1.0,1.0,1133697
pig,6602,2419,20,39949,5.0,1.0,0.0,7667
Toasty,6594,3368,19,977,3.0,1.0,0.0,487
ansj_seg,6545,4965,3,352518,4.0,1.0,0.0,12130
Android-skin-support,6521,3375,0,54130,5.0,1.0,1.0,19377
processing,6496,4823,48,1648017,2.0,1.0,0.0,110008
QR-Code-generator,6487,3647,5,1389,3.0,1.0,1.0,1823
hibernate-orm,6464,5667,174,309890,5.0,1.0,1.0,1101897
Android-Image-Cropper,6430,4103,32,26047,4.0,1.0,0.0,4655
so-novel,6430,1418,54,4272,4.5,1.0,0.0,3198
Spring-Cloud-Platform,6429,3242,3,212466,3.0,1.0,0.0,6014
RoundedImageView,6420,4795,19,8746,9.0,2.0,0.0,1265
jetlinks-community,6419,2290,21,71228,6.0,1.0,1.0,61140
IJPay,6415,3265,24,25427,5.0,1.0,0.0,14136
gephi,6411,5284,19,660059,3.0,1.0,1.0,135564
async-http-client,6409,5513,12,19207,4.0,1.0,1.0,33502
micronaut-core,6393,2956,356,113883,4.0,1.0,0.0,184453
flink-cdc,6385,2082,24,50570,5.0,1.0,1.0,133542
remusic,6383,3669,0,115952,3.0,1.0,0.0,47786
graphhopper,6381,5164,46,140563,4.0,1.0,0.0,103590
jsonschema2pojo,6368,4674,67,13705,5.0,1.0,0.0,13773
mini-spring,6355,1970,1,1103,2.0,1.0,0.0,2509
richeditor-android,6348,4029,0,2898,2.0,1.0,0.0,804
JFoenix,6346,3867,0,28243,4.0,1.0,1.0,24546
from-java-to-kotlin,6337,3246,0,273,0.5,1.0,0.0,37
iotdb,6302,2693,51,345785,6.0,1.0,1.0,814421
config,6296,5239,4,4719,3.0,1.0,0.0,13237
ion,6264,4706,0,11832,3.0,1.0,0.0,9443
graphql-java,6234,3931,101,27760,5.0,1.0,1.0,73132
incubator-kie-drools,6232,5530,6,312616,4.0,1.0,1.0,769340
spring-cloud-examples,6216,3269,0,76,4.0,1.0,0.0,390
java-jwt,6207,4417,46,1580,3.5,1.0,1.0,8924
grafika,6160,4494,1,1092,5.0,2.0,0.0,10035
camel,6157,6168,0,1244642,3.0,1.0,1.0,2058996
useful-java-links,6155,3709,0,2325,2.0,1.0,0.0,5967
SoloPi,6148,2584,8,272397,2.0,1.0,0.0,56327
get_jobs,6145,763,3,47074,2.0,1.0,0.0,9790
SpringBootVulExploit,6127,2151,0,135,3.0,1.0,0.0,258
kafdrop,6126,2510,50,3052,3.0,1.0,0.0,4200
hudi,6126,3404,33,2677657,6.0,1.0,1.0,337269
SwipeBackLayout,6104,4611,0,2934,3.0,1.0,3.0,1635
MaterialEditText,6099,4180,19,1260,2.0,1.0,0.0,3385
google-java-format,6096,3986,43,2381,4.0,1.0,1.0,12174
NumberProgressBar,6094,4362,3,158,0.5,1.0,0.0,380
javaparser,6065,5276,57,47549,5.0,1.0,1.0,145306
pinot,6052,4343,22,348515,5.0,1.0,1.0,626377
austin,6046,1616,0,20126,5.0,1.0,0.0,6538
dynamic-load-apk,6026,4394,0,8956,3.0,1.0,0.0,2620
nifi,6025,4137,0,304572,4.0,1.0,1.0,679826
hive,6020,6168,0,749464,4.0,1.0,1.0,2025535
EffectiveAndroidUI,6014,4298,0,998,3.0,1.0,1.0,1923
jeepay,6002,3163,0,6512,7.0,2.0,0.0,17168
robolectric,6001,5704,111,66227,4.0,1.0,0.0,229196
hippo4j,5994,1759,18,23941,3.0,1.0,0.0,31320
datax-web,5991,2334,5,43670,3.0,1.0,0.0,13801
btrace,5987,4242,33,18483,4.0,1.0,0.0,53275
physical-web,5980,4209,17,33447,3.0,1.0,0.0,7481
shattered-pixel-dungeon,5976,4270,52,186532,4.0,2.0,1.0,164472
material,5967,4140,10,3901,3.0,1.0,1.0,27346
xUtils3,5959,3817,9,9041,3.0,1.0,2.0,12561
api-samples,5959,4504,0,816,7.0,1.0,0.0,2541
ssm,5939,3582,0,12364,2.0,1.0,1.0,369
springfox,5938,5087,12,186279,3.0,1.0,0.0,32115
JSqlParser,5937,5404,37,14429,4.0,1.0,1.0,51273
zxing-android-embedded,5935,4881,9,8388,4.0,1.0,1.0,5169
material-calendarview,5929,4077,22,4823,4.0,1.0,0.0,3658
androidmvp,5910,4391,0,327,2.0,1.0,0.0,274
motan,5907,3642,28,4698,4.0,1.0,1.0,46905
fesod,5901,552,7,32544,5.0,1.0,1.0,22318
Fast-Android-Networking,5891,3671,10,2845,2.0,1.0,1.0,19596
blade,5883,3957,9,3385,3.0,1.0,0.0,15319
DiskLruCache,5865,5209,0,416,2.5,1.0,3.0,1937
MifareClassicTool,5861,4805,10,7210,9.0,3.0,3.0,6934
PeerBanHelper,5858,793,191,123357,4.0,1.0,0.0,30571
lanproxy,5857,3428,1,9350,3.0,1.0,0.0,2668
linuxdeploy,5797,4980,37,53204,5.0,2.0,3.0,2693
BoomMenu,5791,3674,0,103934,4.0,1.0,0.0,7710
DiscreteScrollView,5786,3324,2,33353,2.0,1.0,0.0,3698
tcc-transaction,5776,3779,8,7095,3.0,1.0,1.0,23664
Discovery,5773,2850,132,247850,4.0,1.0,1.0,26230
circular-progress-button,5757,4325,3,1127,2.0,1.0,0.0,1429
sensitive-word,5752,2285,2,5723,2.0,1.0,0.0,4321
strimzi-kafka-operator,5752,3626,170,89196,7.0,1.0,1.0,123586
janusgraph,5748,3392,28,60713,4.0,1.0,1.0,104586
FastHub,5737,3337,63,19973,5.0,1.0,1.0,40321
lamp-cloud,5733,3005,0,52183,7.0,1.0,0.0,18906
MusicBot,5729,3525,38,7798,5.0,3.0,1.0,4097
lettuce,5728,4353,152,43823,4.0,1.0,0.0,138654
spring-boot-projects,5723,3296,0,14626,3.0,1.0,1.0,2606
SwipeRecyclerView,5718,3537,0,29347,3.0,1.0,0.0,11090
library,5712,2646,0,48023,5.0,1.0,0.0,1770
aurora-imui,5708,3405,42,11470,2.5,1.0,0.0,17789
InfiniteCycleViewPager,5703,3518,2,279,3.0,2.0,0.0,3564
novel,5675,2342,12,99486,2.0,1.0,0.0,4560
springside4,5666,5160,3,4837,2.0,1.0,1.0,12842
react-native-splash-screen,5666,3495,12,3912,2.5,1.0,0.5,246
EdXposed,5664,2639,27,12036,4.0,1.0,1.0,71794
u2020,5662,4530,0,9385,4.0,1.0,0.5,4806
Blurry,5660,3914,0,2286,3.5,1.0,0.0,636
HTextView,5657,3765,0,9880,2.0,1.0,0.0,3076
typespec,5649,1744,472,99889,8.0,1.0,1.0,193653
AndroidImageSlider,5620,4330,5,2165,2.0,1.0,1.0,3813
OsmAnd,5608,5563,1,1138758,5.0,1.0,1.0,699095
Android-ZBLibrary,5607,3886,25,32789,3.0,1.0,0.0,14727
FlowLayout,5587,3878,0,910,3.0,1.0,0.0,810
hbase,5581,4340,50,513488,5.0,1.0,1.0,951812
uid-generator,5581,3301,0,390,1.0,1.0,1.0,873
jetcache,5573,3285,67,3853,4.0,1.0,0.0,18021
usb-serial-for-android,5564,4666,34,929,4.0,1.0,1.0,8450
Digital,5563,3572,35,39655,4.0,1.0,0.0,76080
ShowcaseView,5562,4986,13,15237,5.0,1.0,0.0,2086
QLExpress,5552,3313,25,4732,3.0,1.0,2.0,13807
AutoJs6,5550,1591,21,317450,3.0,1.0,1.0,118612
ListViewAnimations,5539,4770,14,25513,5.0,2.0,0.0,5697
disconf,5533,4333,12,8619,3.0,1.0,0.0,14009
AndroidVideoCache,5516,4027,20,116062,3.0,1.0,1.0,3217
MagicCamera,5515,3745,0,17476,3.0,1.0,0.0,14543
sodium,5512,2260,40,8749,4.0,1.0,1.0,30799
QAuxiliary,5503,1532,49,9040,5.0,1.0,1.0,42931
jpexs-decompiler,5490,4352,181,314516,3.0,1.0,1.0,369414
Geyser,5486,2467,0,36580,6.0,1.0,1.0,65112
StickyListHeaders,5482,5142,16,3866,3.0,1.0,0.0,2112
FastBle,5476,3517,9,35234,2.0,1.0,0.0,4713
wechat,5469,3973,0,96503,3.0,1.0,0.0,34426
scribejava,5469,5695,9,2627,3.0,1.0,1.0,12671
freeline,5464,3536,22,75385,2.0,1.0,1.0,5357
liquibase,5463,5389,107,219339,4.0,2.0,3.0,99130
TapTargetView,5462,3498,24,4429,2.0,1.0,0.0,1965
mosby,5460,4034,15,26564,3.0,1.0,0.0,17138
barcodescanner,5444,4427,6,10971,2.0,1.0,0.0,2796
groovy,5438,4012,0,236192,3.0,1.0,1.0,203419
Telegram-X,5436,1696,6,45753,4.0,1.0,1.0,421700
TelegramBots,5426,3739,113,4084,11.0,1.0,0.0,22367
spring-data-examples,5416,4453,0,18035,2.0,1.0,0.0,51538
socket.io-client-java,5414,4729,7,2402,1.0,1.0,0.0,5639
rebound,5405,4564,10,23623,2.0,1.0,0.0,4095
megabasterd,5405,3479,208,85027,1.0,1.0,0.0,20673
thumbnailator,5399,3912,0,11781,2.0,1.0,0.0,19595
dubbo-spring-boot-project,5396,3004,13,1557,6.0,1.0,0.0,1908
killbill,5393,4918,151,681431,6.0,1.0,1.0,151373
web3j,5384,3505,121,11780,2.0,1.0,0.0,43232
spotless,5379,4000,52,23043,4.0,1.0,1.0,38634
shimmer-android,5364,4059,5,4787,9.0,2.0,10.0,885
android-job,5362,3885,31,1860,4.0,1.0,1.0,10693
pmd,5359,5020,114,562177,4.0,2.0,1.0,148405
android-advancedrecyclerview,5339,4094,1,9111,4.0,2.0,0.0,20692
cw-omnibus,5337,5142,36,75165,4.0,2.0,0.0,71119
picocli,5335,3355,86,84872,2.0,1.0,0.0,96025
SystemBarTint,5334,4527,3,1099,7.0,2.0,1.0,807
runelite,5331,3631,0,107928,0.0,1.0,0.0,519775
markor,5326,3149,81,38740,4.0,1.0,1.0,30245
google-authenticator,5322,4201,0,2433,2.0,1.0,1.0,3935
XRecyclerView,5322,3796,0,6529,2.0,1.0,0.0,5151
allure2,5321,3605,85,17782,4.0,1.0,1.0,10734
db-tutorial,5319,3167,0,13001,4.0,1.0,0.0,11203
generator,5317,4807,12,64690,5.0,2.0,3.0,73169
DKVideoPlayer,5308,3286,32,90266,2.0,1.0,0.0,18446
lwjgl3,5304,4856,23,132106,6.0,2.0,91.0,1153903
Android-Touch-Helper,5291,2002,113,156783,3.0,1.0,0.0,2257
JustTrustMe,5289,4277,1,434,1.0,1.0,0.0,598
gradle-retrolambda,5283,4631,37,609,3.0,1.0,0.0,623
Infinity-For-Reddit,5272,2815,197,32061,4.0,1.0,1.0,96415
VitamioBundle,5269,4921,0,186316,3.0,1.0,0.0,6501
android-lifecycle,5266,4375,0,3027,7.5,2.0,190.0,481
dddsample-core,5264,4086,0,8533,5.0,1.0,0.0,4639
springboot-guide,5263,2690,0,5318,3.0,1.0,0.0,1522
okdownload,5258,3036,8,8129,4.0,1.0,0.0,18986
BasePopup,5257,3738,15,20629,3.0,1.0,1.0,28316
titan,5237,5157,0,91250,3.0,1.0,1.0,71163
easy-rules,5236,4779,10,1776,4.0,1.0,1.0,4857
Side-Menu.Android,5234,4105,2,1048,2.0,1.0,0.0,449
midjourney-proxy,5233,1082,0,5870,5.0,1.0,0.0,2787
smartTable,5231,3075,44,63951,2.0,1.0,0.0,14165
Android-IMSI-Catcher-Detector,5223,4521,48,11302,3.0,1.0,0.0,12171
twoway-view,5218,4829,0,2554,4.0,1.0,1.0,3688
reactor-core,5212,3804,224,66090,7.0,1.0,1.0,202714
bitcoinj,5212,4525,14,28622,4.0,1.0,0.0,46448
Dexter,5208,3797,33,2928,3.0,1.0,0.0,2197
oshi,5197,5173,172,344963,4.0,1.0,1.0,51399
YCSB,5196,5834,55,32808,3.0,1.0,0.0,22410
JS-Sorting-Algorithm,5194,3368,0,3636,3.0,1.0,0.5,389
shopping-management-system,5191,3798,0,4353,3.0,1.0,3.0,5353
FloatingActionButton,5188,4038,14,3389,2.0,1.0,0.0,2805
xpay,5182,3041,0,12147,5.0,1.0,1.0,1449
views-widgets-samples,5181,2407,0,63755,2.0,1.0,0.0,7344
aviatorscript,5177,5491,52,13202,3.0,1.0,1.0,37528
dynamic-datasource,5155,2904,19,1387,4.0,1.0,0.0,5219
ctci,5145,4767,0,2169,2.0,1.0,1.0,11244
otto,5135,5034,0,703,1.0,1.0,0.0,1987
CameraView,5127,3188,42,30122,3.0,1.0,0.0,21155
Luyten,5117,4656,17,5857,1.0,1.0,0.0,6750
wgcloud,5115,2642,31,51204,3.0,1.0,9.5,6105
calcite,5104,4307,0,109344,5.0,1.0,1.0,378237
DesignPattern,5100,3458,0,4512,2.0,1.0,0.0,2603
armeria,5085,3798,270,325892,5.0,1.0,0.0,314730
spring-authorization-server,5083,2214,85,6910,7.0,1.0,1.0,37128
sofa-boot,5078,2930,83,4877,3.0,1.0,0.0,32830
XUI,5073,2650,23,279853,3.0,1.0,1.0,91066
bisq,5068,4412,143,937273,4.0,1.0,1.0,178868
opentsdb,5064,5705,27,41493,4.0,1.0,0.0,104636
ignite,5059,4068,0,474363,3.0,1.0,0.0,1098071
poi-tl,5053,4039,14,102892,4.0,1.0,0.0,22801
Small,5042,3787,25,7023,2.0,1.0,0.0,7726
Chronos,5041,263,0,19840,2.0,1.0,0.0,78
gpmall,5040,2458,0,56925,3.0,1.0,0.0,8865
mapdb,5036,4984,0,10247,2.0,1.0,0.0,20198
spring-boot-best-practice,5036,2709,1,440,4.0,1.0,0.0,2396
android-common,5023,5043,1,1268,3.0,1.0,1.0,6716
android-zxingLibrary,5018,3545,0,10170,3.0,1.0,0.0,2018
CloudReader,5008,3428,26,95457,3.0,1.0,0.0,19393
maven,5001,6168,30,91585,3.0,1.0,0.0,167608
GravitySnapHelper,5000,3509,15,83096,6.0,1.0,1.0,600
ruoyi-ai,4995,815,6,66407,5.0,1.0,0.0,27206
joda-time,4989,5442,51,13041,6.0,2.0,10.0,91632
LayoutManagerGroup,4988,2904,0,45688,3.0,2.0,0.0,2285
spring-mvc-showcase,4985,5425,0,765,5.0,1.0,0.0,1281
rstudio,4976,5602,0,1034138,2.0,1.0,0.0,236382
dialogplus,4975,4137,9,6790,3.0,1.0,0.0,1047
UltraViewPager,4966,3299,10,8873,2.0,1.0,0.0,1518
spring-cloud-netflix,4963,4291,30,21087,6.0,1.0,0.0,8028
roncoo-pay,4963,3550,0,18383,3.0,1.0,3.0,19910
querydsl,4960,5362,35,51741,3.0,1.0,0.0,98636
InstaMaterial,4954,4168,1,4531,2.0,1.0,0.0,2223
react-native-config,4954,3699,33,4836,4.0,1.0,1.0,443
react-native-webrtc,4950,3848,82,432188,4.0,1.0,0.0,4140
orientdb,4943,4869,232,296842,5.0,1.0,1.0,452803
NavigationTabBar,4935,3664,13,389,2.0,1.0,0.5,2538
HeliBoard,4931,1493,63,292755,4.0,1.0,1.0,22663
java-faker,4926,5422,0,6147,4.0,1.0,0.0,6710
RxJava2-Android-Samples,4926,3513,0,477,2.0,1.0,0.0,3992
RippleEffect,4904,4196,0,833,2.0,1.0,0.0,504
small-spring,4900,1791,0,10594,2.0,1.0,0.0,10379
ipscan,4896,5399,32,117394,4.0,1.0,0.0,12374
cglib,4895,4395,15,4944,1.0,1.0,0.0,17670
folding-cell-android,4894,3661,0,26341,2.0,1.0,0.0,812
Awesome-POC,4886,1510,2,840547,7.0,2.0,0.0,42
reactive-streams-jvm,4872,4424,0,1846,3.0,1.0,0.0,15738
unidbg,4870,2600,16,613699,4.0,1.0,0.0,94292
mockserver,4860,4791,0,51573,5.0,1.0,1.0,65134
spring-cloud-gateway,4842,3431,46,15393,5.0,1.0,0.0,42780
